{"val_loss": [1.0058544874191284, 0.9594821929931641, 0.941907525062561], "val_dice_coef": [0.033003419637680054, 0.041870035231113434, 0.04245232418179512], "loss": [1.0684245599620883, 1.007369382896166, 1.0005145496514247], "dice_coef": [